EpochID,Total tx # in this epoch,Normal tx # in this epoch,Epoch start time,Epoch end time,Avg. TPS of this epoch
0,160000.00000000000000000000000000000000000000000000000000000000,160000,1731607775698,1731608171264,404.48334315325325860612792894244194030761718750000000000000
